date,actual,pred,naive
2007-04-01,2738.0,2766.0,2817.0
2007-05-01,2513.0,2730.0,2805.0
2007-06-01,2395.0,2632.0,2681.0
2007-07-01,2445.0,2872.0,2738.0
2007-08-01,2507.0,2705.0,2513.0
2007-09-01,2383.0,2668.0,2395.0
2007-10-01,2456.0,2464.0,2445.0
2007-11-01,2785.0,2531.0,2507.0
2007-12-01,3012.0,2455.0,2383.0
2008-01-01,2968.0,2398.0,2456.0
2008-02-01,2908.0,2907.0,2785.0
2008-03-01,2968.0,3116.0,3012.0
2008-04-01,3067.0,3077.0,2968.0
2008-05-01,2763.0,3046.0,2908.0
2008-06-01,2524.0,3023.0,2968.0
2008-07-01,2122.0,3015.0,3067.0
2008-08-01,1857.0,2875.0,2763.0
2008-09-01,1504.0,2630.0,2524.0
2008-10-01,1420.0,1470.0,2122.0
2008-11-01,1338.0,1341.0,1857.0
2008-12-01,1338.0,1110.0,1504.0
2009-01-01,1432.0,1313.0,1420.0
2009-02-01,1464.0,1275.0,1338.0
2009-03-01,1586.0,1336.0,1338.0
2009-04-01,1674.0,1484.0,1432.0
2009-05-01,1928.0,1566.0,1464.0
2009-06-01,1836.0,1745.0,1586.0
2009-07-01,1876.0,1872.0,1674.0
2009-08-01,1957.0,2024.0,1928.0
2009-09-01,2181.0,1944.0,1836.0
2009-10-01,2230.0,2080.0,1876.0
2009-11-01,2053.0,2104.0,1957.0
2009-12-01,2211.0,2348.0,2181.0
2010-01-01,2314.0,2237.0,2230.0
2010-02-01,2045.0,2040.0,2053.0
2010-03-01,1929.0,2160.0,2211.0
2010-04-01,1989.0,2225.0,2314.0
2010-05-01,2110.0,1558.0,2045.0
2010-06-01,2171.0,1962.0,1929.0
2010-07-01,2342.0,2050.0,1989.0
2010-08-01,2324.0,2159.0,2110.0
2010-09-01,2357.0,2271.0,2171.0
2010-10-01,2440.0,2476.0,2342.0
2010-11-01,2515.0,2448.0,2324.0
2010-12-01,2555.0,2562.0,2357.0
2011-01-01,2667.0,2449.0,2440.0
2011-02-01,2587.0,2589.0,2515.0
2011-03-01,2558.0,2536.0,2555.0
2011-04-01,2525.0,2739.0,2667.0
2011-05-01,2381.0,2597.0,2587.0
2011-06-01,2293.0,2512.0,2558.0
2011-07-01,2181.0,2465.0,2525.0
2011-08-01,2080.0,2369.0,2381.0
2011-09-01,2024.0,2351.0,2293.0
2011-10-01,2151.0,2205.0,2181.0
2011-11-01,2208.0,2097.0,2080.0
2011-12-01,2184.0,2071.0,2024.0
2012-01-01,2049.0,2172.0,2151.0
2012-02-01,2003.0,2231.0,2208.0
2012-03-01,1886.0,2196.0,2184.0
2012-04-01,1876.0,2026.0,2049.0
2012-05-01,1843.0,2097.0,2003.0
2012-06-01,2064.0,1972.0,1886.0
2012-07-01,1974.0,1993.0,1876.0
2012-08-01,1949.0,1839.0,1843.0
2012-09-01,2087.0,2189.0,2064.0
2012-10-01,2038.0,2073.0,1974.0
2012-11-01,2054.0,1965.0,1949.0
2012-12-01,1911.0,2130.0,2087.0
2013-01-01,1861.0,1982.0,2038.0
2013-02-01,1833.0,2014.0,2054.0
2013-03-01,1815.0,1905.0,1911.0
2013-04-01,1770.0,1836.0,1861.0
2013-05-01,1816.0,1825.0,1833.0
2013-06-01,1761.0,1768.0,1815.0
2013-07-01,1815.0,1720.0,1770.0
2013-08-01,1748.0,1823.0,1816.0
2013-09-01,1740.0,1719.0,1761.0
2013-10-01,1727.0,1817.0,1815.0
2013-11-01,1695.0,1755.0,1748.0
2013-12-01,1705.0,1744.0,1740.0
2014-01-01,1811.0,1683.0,1727.0
2014-02-01,1751.0,1669.0,1695.0
2014-03-01,1839.0,1676.0,1705.0
2014-04-01,1948.0,1786.0,1811.0
2014-05-01,2030.0,1680.0,1751.0
2014-06-01,1990.0,1807.0,1839.0
2014-07-01,1946.0,1960.0,1948.0
2014-08-01,2056.0,2000.0,2030.0
2014-09-01,1909.0,2019.0,1990.0
2014-10-01,1815.0,1984.0,1946.0
2014-11-01,1818.0,2070.0,2056.0
2014-12-01,1774.0,1888.0,1909.0
2015-01-01,1819.0,1765.0,1815.0
2015-02-01,1804.0,1776.0,1818.0
2015-03-01,1688.0,1759.0,1774.0
2015-04-01,1639.0,1838.0,1819.0
2015-05-01,1548.0,1836.0,1804.0
2015-06-01,1590.0,1679.0,1688.0
2015-07-01,1516.0,1624.0,1639.0
2015-08-01,1468.0,1524.0,1548.0
2015-09-01,1497.0,1538.0,1590.0
2015-10-01,1481.0,1529.0,1516.0
2015-11-01,1531.0,1468.0,1468.0
2015-12-01,1531.0,1487.0,1497.0
2016-01-01,1571.0,1447.0,1481.0
2016-02-01,1551.0,1454.0,1531.0
2016-03-01,1594.0,1534.0,1531.0
2016-04-01,1629.0,1563.0,1571.0
2016-05-01,1639.0,1540.0,1551.0
2016-06-01,1592.0,1597.0,1594.0
2016-07-01,1666.0,1621.0,1629.0
2016-08-01,1737.0,1649.0,1639.0
2016-09-01,1728.0,1609.0,1592.0
2016-10-01,1791.0,1634.0,1666.0
2016-11-01,1861.0,1455.0,1737.0
2016-12-01,1901.0,1821.0,1728.0
2017-01-01,1921.0,1817.0,1791.0
2017-02-01,1913.0,1966.0,1861.0
2017-03-01,1885.0,1883.0,1901.0
